<?xml version="1.0" encoding="utf-8"?>
<DOFFIN_ESENDERS xsi:noNamespaceSchemaLocation="DOFFIN_ESENDERS.xd" VERSION="V3.0.0" xmlns:xsi="http://www.w3.org/2001/XMLSchema-instance">
	<FORM_SECTION>
		<F65_2014 FORM="F65" CATEGORY="ORIGINAL" LG="NB">
			<NOTICE SECTOR="CLASSIC" TYPE="INTENTION" />
			<CONTRACTING_BODY>
				<ADDRESS_CONTRACTING_BODY>
					<OFFICIALNAME>Hammer Tech</OFFICIALNAME>
					<NATIONALID>123 456 785</NATIONALID>
					<ADDRESS>officr</ADDRESS>
					<TOWN>stockholm</TOWN>
					<POSTAL_CODE>Postal code can be a</POSTAL_CODE>
					<COUNTRY VALUE="UK" />
					<CONTACT_POINT>Dummy User</CONTACT_POINT>
					<PHONE>+46 0725865</PHONE>
					<E_MAIL>email@me.ee</E_MAIL>
					<NUTS CODE="DK" />
					<URL_GENERAL>https://.eu-supply.com</URL_GENERAL>
					<URL_BUYER>https://ctm-doffin.test.eu-supply.com/ctm/Company/CompanyInformation/Index/4481</URL_BUYER>
				</ADDRESS_CONTRACTING_BODY>
			</CONTRACTING_BODY>
			<OBJECT_CONTRACT>
				<TITLE>
					<P>Purchasing all Windows Phone phones</P>
				</TITLE>
				<REFERENCE_NUMBER>Bug 34209</REFERENCE_NUMBER>
				<CPV_MAIN>
					<CPV_CODE CODE="03000000" />
				</CPV_MAIN>
				<TYPE_CONTRACT CTYPE="WORKS" />
				<SHORT_DESCR>
					<P>Purchasing all Windows Phone phones</P>
				</SHORT_DESCR>
				<NO_LOT_DIVISION />
				<OBJECT_DESCR ITEM="1">
					<CPV_ADDITIONAL>
						<CPV_CODE CODE="03000000" />
					</CPV_ADDITIONAL>
					<LOCATION code="000000" />
					<SHORT_DESCR>
						<P>Purchasing all Windows Phone phones</P>
					</SHORT_DESCR>
					<NO_OPTIONS />
				</OBJECT_DESCR>
			</OBJECT_CONTRACT>
			<PROCEDURE />
			<AWARD_CONTRACT ITEM="1">
				<CONTRACT_NO>1</CONTRACT_NO>
				<LOT_NO>1</LOT_NO>
				<TITLE>
					<P>Purchasing all Windows Phone phones</P>
				</TITLE>
				<NOT_AWARDED_CONTRACT>
					<PROCUREMENT_UNSUCCESSFUL />
				</NOT_AWARDED_CONTRACT>
			</AWARD_CONTRACT>
			<COMPLEMENTARY_INFO>
				<DATE_DISPATCH_NOTICE>2016-10-05</DATE_DISPATCH_NOTICE>
			</COMPLEMENTARY_INFO>
		</F65_2014>
	</FORM_SECTION>
	<DOFFIN_APPENDIX>
		<REFERENCE_SECTION>
			<REFERENCE_DOFFIN>2016-354721</REFERENCE_DOFFIN>
		</REFERENCE_SECTION>
	</DOFFIN_APPENDIX>
</DOFFIN_ESENDERS>