<?xml version="1.0" encoding="utf-8"?>
<DOFFIN_ESENDERS xsi:noNamespaceSchemaLocation="DOFFIN_ESENDERS.xd" VERSION="V3.0.0" xmlns:xsi="http://www.w3.org/2001/XMLSchema-instance">
	<FORM_SECTION>
		<F22_2014 FORM="F22" CATEGORY="ORIGINAL" LG="NB">
			<NOTICE TYPE="CONTRACT" />
			<CONTRACTING_BODY>
				<ADDRESS_CONTRACTING_BODY>
					<OFFICIALNAME>Smirnov-Buyer</OFFICIALNAME>
					<NATIONALID>911 680 491</NATIONALID>
					<ADDRESS>Address 1</ADDRESS>
					<TOWN>Tallinn</TOWN>
					<POSTAL_CODE>13913</POSTAL_CODE>
					<COUNTRY VALUE="EE" />
					<CONTACT_POINT>Dummy User</CONTACT_POINT>
					<PHONE>+372 45455454</PHONE>
					<E_MAIL>Eduard.Smirnov@eu-supply.com</E_MAIL>
					<NUTS CODE="DE" />
					<URL_GENERAL>http://eu-supply.com</URL_GENERAL>
					<URL_BUYER>https://ctm-doffin.test.eu-supply.com/ctm/Company/CompanyInformation/Index/8764</URL_BUYER>
				</ADDRESS_CONTRACTING_BODY>
				<DOCUMENT_FULL />
				<URL_DOCUMENT>http://ctm-doffin.test.eu-supply.com/ctm/Supplier/Documents/Folder/11561</URL_DOCUMENT>
				<ADDRESS_FURTHER_INFO_IDEM />
				<ADDRESS_PARTICIPATION_IDEM />
				<CE_ACTIVITY_OTHER>other entity activity</CE_ACTIVITY_OTHER>
			</CONTRACTING_BODY>
			<OBJECT_CONTRACT ITEM="1">
				<TITLE>
					<P>Lorem ipsum ipsum lorem imagedata</P>
				</TITLE>
				<REFERENCE_NUMBER>5454654</REFERENCE_NUMBER>
				<CPV_MAIN>
					<CPV_CODE CODE="09000000" />
				</CPV_MAIN>
				<SHORT_DESCR>
					<P>retrete</P>
				</SHORT_DESCR>
				<OBJECT_DESCR ITEM="1">
					<LOCATION code="000000" />
					<SHORT_DESCR>
						<P>ertret</P>
					</SHORT_DESCR>
					<NO_EU_PROGR_RELATED />
				</OBJECT_DESCR>
			</OBJECT_CONTRACT>
			<LEFTI />
			<PROCEDURE>
				<PT_OPEN />
				<DATE_RECEIPT_TENDERS>2016-11-12</DATE_RECEIPT_TENDERS>
				<TIME_RECEIPT_TENDERS>14:00</TIME_RECEIPT_TENDERS>
				<LANGUAGES>
					<LANGUAGE VALUE="EN" />
				</LANGUAGES>
			</PROCEDURE>
			<COMPLEMENTARY_INFO>
				<ADDRESS_REVIEW_BODY>
					<OFFICIALNAME>xxx 1</OFFICIALNAME>
					<ADDRESS>xxx</ADDRESS>
					<TOWN>xxx</TOWN>
					<POSTAL_CODE>11111</POSTAL_CODE>
					<COUNTRY VALUE="EE" />
					<PHONE>+372 45455454</PHONE>
					<E_MAIL>x@xx.xxx</E_MAIL>
					<FAX>+372 45455454</FAX>
					<URL>http://xxx.xx</URL>
				</ADDRESS_REVIEW_BODY>
				<ADDRESS_MEDIATION_BODY>
					<OFFICIALNAME>zzz 2</OFFICIALNAME>
					<ADDRESS>zzz</ADDRESS>
					<TOWN>zzz</TOWN>
					<POSTAL_CODE>22222</POSTAL_CODE>
					<COUNTRY VALUE="SE" />
					<PHONE>+372 45455454</PHONE>
					<E_MAIL>z@zz.zzz</E_MAIL>
					<FAX>+372 45455454</FAX>
					<URL>http://zzz.zz</URL>
				</ADDRESS_MEDIATION_BODY>
				<DATE_DISPATCH_NOTICE>2016-10-04</DATE_DISPATCH_NOTICE>
			</COMPLEMENTARY_INFO>
		</F22_2014>
	</FORM_SECTION>
	<DOFFIN_APPENDIX>
		<PUBLISH_TO_TED />
	</DOFFIN_APPENDIX>
</DOFFIN_ESENDERS>