<?xml version="1.0" encoding="utf-8"?>
<DOFFIN_ESENDERS xsi:noNamespaceSchemaLocation="DOFFIN_ESENDERS.xd" VERSION="V3.0.0" xmlns:xsi="http://www.w3.org/2001/XMLSchema-instance">
	<FORM_SECTION>
		<F52_2014 FORM="F52" CATEGORY="ORIGINAL" LG="NB">
			<CONTRACTING_BODY>
				<ADDRESS_CONTRACTING_BODY>
					<OFFICIALNAME>Hammer Tech</OFFICIALNAME>
					<NATIONALID>123 456 785</NATIONALID>
					<ADDRESS>officr</ADDRESS>
					<TOWN>stockholm</TOWN>
					<POSTAL_CODE>Postal code can be a</POSTAL_CODE>
					<COUNTRY VALUE="UK" />
					<CONTACT_POINT>Dummy USerr</CONTACT_POINT>
					<PHONE>+46 0725865</PHONE>
					<E_MAIL>email@me.ee</E_MAIL>
					<NUTS CODE="DK" />
					<URL_GENERAL>https://eu-supply.com</URL_GENERAL>
					<URL_BUYER>https://ctm-doffin.test.eu-supply.com/ctm/Company/CompanyInformation/Index/4481</URL_BUYER>
				</ADDRESS_CONTRACTING_BODY>
				<DOCUMENT_LATER />
				<ADDRESS_FURTHER_INFO_IDEM />
				<URL_PARTICIPATION>http://ctm-doffin.test.eu-supply.com/app/rfq/rwlentrance_s.asp?PID=36652&amp;B=MK</URL_PARTICIPATION>
				<ADDRESS_PARTICIPATION_IDEM />
			</CONTRACTING_BODY>
			<OBJECT_CONTRACT>
				<TITLE>
					<P>Purchasing 20 inch wheels for Medium sized cars</P>
				</TITLE>
				<REFERENCE_NUMBER>34209</REFERENCE_NUMBER>
				<CPV_MAIN>
					<CPV_CODE CODE="03000000" />
				</CPV_MAIN>
				<TYPE_CONTRACT CTYPE="WORKS" />
				<SHORT_DESCR>
					<P>Purchasing 20 inch wheels for Medium sized cars</P>
				</SHORT_DESCR>
				<NO_LOT_DIVISION />
				<OBJECT_DESCR ITEM="1">
					<CPV_ADDITIONAL>
						<CPV_CODE CODE="03000000" />
					</CPV_ADDITIONAL>
					<LOCATION code="000000" />
					<SHORT_DESCR>
						<P>Purchasing 20 inch wheels for Medium sized cars</P>
					</SHORT_DESCR>
					<AC_PROCUREMENT_DOC />
					<DATE_START>2016-10-24</DATE_START>
				</OBJECT_DESCR>
			</OBJECT_CONTRACT>
			<LEFTI />
			<PROCEDURE>
				<PT_OPEN />
				<DATE_RECEIPT_TENDERS>2016-10-06</DATE_RECEIPT_TENDERS>
				<TIME_RECEIPT_TENDERS>12:00</TIME_RECEIPT_TENDERS>
				<LANGUAGES>
					<LANGUAGE VALUE="EN" />
				</LANGUAGES>
			</PROCEDURE>
			<COMPLEMENTARY_INFO>
				<DATE_DISPATCH_NOTICE>2016-10-05</DATE_DISPATCH_NOTICE>
			</COMPLEMENTARY_INFO>
		</F52_2014>
	</FORM_SECTION>
	<DOFFIN_APPENDIX />
</DOFFIN_ESENDERS>