<?xml version="1.0" encoding="utf-8"?>
<TED_ESENDERS xsi:schemaLocation="http://formex.publications.europa.eu/ted/schema/reception/R2.0.9.S01 TED_ESENDERS.xsd" VERSION="R2.0.9.S01" xmlns:xsi="http://www.w3.org/2001/XMLSchema-instance">
	<IDENTIFICATION>
		<ESENDER_LOGIN>REMOVED</ESENDER_LOGIN>
		<NO_DOC_EXT>2016-000000</NO_DOC_EXT>
	</IDENTIFICATION>
	<CONTACT>
		<ORGANISATION>Eu-Supply Holding AB</ORGANISATION>
		<COUNTRY VALUE="SV" />
		<E_MAIL>support@eu-supply.com</E_MAIL>
	</CONTACT>
	<FORM_SECTION>
		<F02_2014 FORM="F02" CATEGORY="ORIGINAL" LG="DE">
			<CONTRACTING_BODY>
				<ADDRESS_CONTRACTING_BODY>
					<OFFICIALNAME>Smirnov-Buyer</OFFICIALNAME>
					<NATIONALID>911 680 491</NATIONALID>
					<ADDRESS>Address 1</ADDRESS>
					<TOWN>Tallinn</TOWN>
					<POSTAL_CODE>13913</POSTAL_CODE>
					<COUNTRY VALUE="EE" />
					<CONTACT_POINT>Dummy User</CONTACT_POINT>
					<PHONE>+372 45644554</PHONE>
					<E_MAIL>dummyemail@eu-supply.com</E_MAIL>
					<NUTS CODE="GR" />
					<URL_GENERAL>http://eu-supply.com</URL_GENERAL>
					<URL_BUYER>https://ctm-doffin.test.eu-supply.com/CTM/Company/CompanyInformation/Index/8764</URL_BUYER>
				</ADDRESS_CONTRACTING_BODY>
				<DOCUMENT_FULL />
				<URL_DOCUMENT>http://ctm-doffin.test.eu-supply.com/app/rfq/rwlentrance_s.asp?PID=36654&amp;B=ES</URL_DOCUMENT>
				<ADDRESS_FURTHER_INFO_IDEM />
				<URL_PARTICIPATION>http://ctm-doffin.test.eu-supply.com/app/rfq/rwlentrance_s.asp?PID=36654&amp;B=ES</URL_PARTICIPATION>
				<ADDRESS_PARTICIPATION_IDEM />
				<CA_TYPE_OTHER>other authority type</CA_TYPE_OTHER>
				<CA_ACTIVITY_OTHER>other activity</CA_ACTIVITY_OTHER>
			</CONTRACTING_BODY>
			<OBJECT_CONTRACT>
				<TITLE>
					<P>rt4e34</P>
				</TITLE>
				<REFERENCE_NUMBER>xczbzfcd</REFERENCE_NUMBER>
				<CPV_MAIN>
					<CPV_CODE CODE="03111300" />
				</CPV_MAIN>
				<TYPE_CONTRACT CTYPE="WORKS" />
				<SHORT_DESCR>
					<P>cdxvz</P>
				</SHORT_DESCR>
				<VAL_ESTIMATED_TOTAL CURRENCY="EUR">45645.00</VAL_ESTIMATED_TOTAL>
				<NO_LOT_DIVISION />
				<OBJECT_DESCR ITEM="1">
					<CPV_ADDITIONAL>
						<CPV_CODE CODE="03000000" />
					</CPV_ADDITIONAL>
					<CPV_ADDITIONAL>
						<CPV_CODE CODE="03100000" />
					</CPV_ADDITIONAL>
					<CPV_ADDITIONAL>
						<CPV_CODE CODE="03110000" />
					</CPV_ADDITIONAL>
					<CPV_ADDITIONAL>
						<CPV_CODE CODE="03111000" />
					</CPV_ADDITIONAL>
					<CPV_ADDITIONAL>
						<CPV_CODE CODE="03111400" />
					</CPV_ADDITIONAL>
					<CPV_ADDITIONAL>
						<CPV_CODE CODE="03111500" />
					</CPV_ADDITIONAL>
					<NUTS CODE="DE" />
					<SHORT_DESCR>
						<P>zxfv</P>
					</SHORT_DESCR>
					<AC_PROCUREMENT_DOC />
					<VAL_OBJECT CURRENCY="EUR">45645.00</VAL_OBJECT>
					<DURATION TYPE="MONTH">2</DURATION>
					<NO_RENEWAL />
					<NO_ACCEPTED_VARIANTS />
					<NO_OPTIONS />
					<NO_EU_PROGR_RELATED />
				</OBJECT_DESCR>
			</OBJECT_CONTRACT>
			<LEFTI />
			<PROCEDURE>
				<PT_COMPETITIVE_NEGOTIATION />
				<NO_CONTRACT_COVERED_GPA />
				<DATE_RECEIPT_TENDERS>2016-10-06</DATE_RECEIPT_TENDERS>
				<TIME_RECEIPT_TENDERS>12:00</TIME_RECEIPT_TENDERS>
				<LANGUAGES>
					<LANGUAGE VALUE="DE" />
				</LANGUAGES>
			</PROCEDURE>
			<COMPLEMENTARY_INFO>
				<NO_RECURRENT_PROCUREMENT />
				<ADDRESS_REVIEW_BODY>
					<OFFICIALNAME>xxx 1</OFFICIALNAME>
					<ADDRESS>xxx</ADDRESS>
					<TOWN>xxx</TOWN>
					<POSTAL_CODE>11111</POSTAL_CODE>
					<COUNTRY VALUE="EE" />
					<PHONE>+372 45644554</PHONE>
					<E_MAIL>x@xx.xxx</E_MAIL>
					<FAX>+372 45644554</FAX>
					<URL>http://xxx.xx</URL>
				</ADDRESS_REVIEW_BODY>
				<ADDRESS_MEDIATION_BODY>
					<OFFICIALNAME>zzz 2</OFFICIALNAME>
					<ADDRESS>zzz</ADDRESS>
					<TOWN>zzz</TOWN>
					<POSTAL_CODE>22222</POSTAL_CODE>
					<COUNTRY VALUE="SE" />
					<PHONE>+372 45644554</PHONE>
					<E_MAIL>z@zz.zzz</E_MAIL>
					<FAX>+372 45644554</FAX>
					<URL>http://zzz.zz</URL>
				</ADDRESS_MEDIATION_BODY>
				<DATE_DISPATCH_NOTICE>2016-10-05</DATE_DISPATCH_NOTICE>
			</COMPLEMENTARY_INFO>
		</F02_2014>
	</FORM_SECTION>
</TED_ESENDERS>